Site,Trans,Plot_wdth,Plot_area,BD,DBH,Mass,Mass-C,
T-1Y4,1,4,80,NA,11.9,25724,12173,
T-1Y4,1,4,80,3.0,NA,498,236,
T-1Y4,1,4,80,1.3,NA,85,40,
T-1Y4,1,4,80,2.3,NA,275,130,
T-1Y4,2,4,80,1.5,NA,121,57,
T-1Y4,2,4,80,NA,30.2,170761,80822,
T-1Y4,3,4,80,1.5,NA,121,57,
T-1Y4,3,4,80,1.3,NA,85,40,
T-1Y4,3,4,80,1.3,NA,85,40,
T-1Y4,3,4,80,1.0,NA,55,26,
T-1Y4,3,4,80,1.8,NA,165,78,
T-1Y4,3,4,80,1.8,NA,165,78,
T-1Y4,3,4,80,0.8,NA,32,15,
T-1Y4,3,4,80,1.8,NA,165,78,
T-1Y4,3,4,80,1.3,NA,85,40,
T-1Y4,3,4,80,1.0,NA,55,26,
T-1Y4,3,4,80,0.3,NA,5,2,
T-1Y4,3,4,80,0.5,NA,15,7,
T-1Y4,3,4,80,1.0,NA,55,26,
T-1Y4,3,4,80,0.8,NA,32,15,
T-1Y4,3,4,80,0.8,NA,32,15,
T-2Y4,1,4,80,1.3,NA,95,45,
T-2Y4,1,4,80,NA,10.3,19212,9091,
T-2Y4,1,4,80,NA,2.1,807,381,
T-2Y4,2,4,80,NA,18.5,62941,29789,
T-2Y4,2,4,80,NA,7.2,9338,4418,
T-2Y4,2,4,80,NA,18.3,61566,29138,
T-2Y4,3,4,80,2.3,NA,275,130,
T-2Y4,3,4,80,0.8,NA,32,15,
T-2Y4,3,4,80,NA,28.5,151725,71812,
T-3Y4,1,4,80,NA,13.6,33709,15953,
T-3Y4,1,4,80,NA,13.1,31246,14787,
T-3Y4,1,4,80,NA,14.1,36268,17164,
T-3Y4,2,4,80,NA,12.6,28878,13666,
T-3Y4,2,4,80,NA,6.9,8572,4055,
T-3Y4,2,4,80,NA,10.5,19973,9451,
T-3Y4,2,4,80,NA,13.2,31731,15016,
T-3Y4,2,4,80,NA,4.4,3484,1647,
T-3Y4,2,4,80,NA,5.4,5244,2480,
T-3Y4,2,4,80,NA,3.3,1967,930,
T-3Y4,2,4,80,NA,10.5,19973,9451,
T-3Y4,2,4,80,NA,9.2,15296,7237,
T-3Y4,2,4,80,NA,13.4,32712,15481,
T-3Y4,3,4,80,NA,9.4,15974,7558,
T-3Y4,3,4,80,NA,1.2,272,128,
T-3Y4,3,4,80,NA,11.3,23168,10963,
T-3Y4,3,4,80,NA,12.5,28416,13447,
T-3Y4,3,4,80,NA,13.1,31246,14787,
T-3Y4,3,4,80,NA,7.0,8824,4174,
T-4Y4,1,4,80,2.5,NA,330,156,
T-4Y4,2,4,80,NA,NA,0,0,
T-4Y4,3,4,80,NA,4.5,3644,1723,
T-4Y4,3,4,80,1.1,NA,64,30,
T-4Y4,3,4,80,NA,2.2,884,418,
T-4Y4,3,4,80,1.2,NA,76,36,
T-4Y4,3,4,80,1.6,NA,134,63,
T-4Y4,3,4,80,NA,8.7,13666,6466,
T-4Y4,3,4,80,NA,1.8,597,282,
T-4Y4,3,4,80,NA,2.4,1049,496,
T-4Y4,3,4,80,NA,1.9,663,313,
T-4Y4,3,4,80,NA,3.2,1850,875,
T-4Y4,3,4,80,NA,5.1,4678,2212,
T-4Y4,3,4,80,NA,1.2,272,128,
T-4Y4,3,4,80,2.1,NA,231,109,
T-4Y4,3,4,80,1.5,NA,118,55,
T-4Y4,3,4,80,NA,1.6,475,224,
T-4Y4,3,4,80,NA,3.7,2468,1167,
T-4Y4,3,4,80,NA,1.1,230,108,
T-4Y4,3,4,80,NA,3.9,2740,1296,
T-5Y4,1,4,80,NA,21.6,86252,40823,
T-5Y4,1,4,80,NA,16.6,50505,23903,
T-5Y4,1,4,80,NA,9.1,14962,7080,
T-5Y4,1,4,80,NA,16.5,49889,23611,
T-5Y4,1,4,80,NA,9.2,15296,7237,
T-5Y4,1,4,80,NA,16.3,48669,23034,
T-5Y4,1,4,80,NA,18.4,62252,29463,
T-5Y4,1,4,80,NA,17.9,58862,27858,
T-5Y4,1,4,80,NA,9.2,15296,7237,
T-5Y4,2,4,80,NA,16.1,47465,22464,
T-5Y4,2,4,80,NA,5.6,5640,2668,
T-5Y4,2,4,80,NA,11.3,23168,10963,
T-5Y4,2,4,80,NA,2.5,1137,537,
T-5Y4,2,4,80,NA,15.0,41116,19459,
T-5Y4,3,4,80,NA,6.4,7371,3487,
T-5Y4,3,4,80,NA,12.5,28416,13447,
T-5Y4,3,4,80,NA,18.4,62252,29463,
T-5Y4,3,4,80,NA,8.2,12130,5739,
T-5Y4,3,4,80,NA,10.5,19973,9451,
T-5Y4,3,4,80,NA,14.8,40012,18936,
T-6Y4,1,4,80,NA,10.5,19973,9451,
T-6Y4,1,4,80,NA,9.6,16667,7886,
T-6Y4,1,4,80,NA,19.9,73003,34552,
T-6Y4,1,4,80,NA,11.2,22755,10768,
T-6Y4,1,4,80,NA,7.8,10968,5189,
T-6Y4,2,4,80,NA,13.1,31246,14787,
T-6Y4,2,4,80,NA,18.1,60206,28495,
T-6Y4,2,4,80,NA,5.3,5052,2389,
T-6Y4,3,4,80,NA,10.0,18099,8564,
T-6Y4,3,4,80,NA,23.4,101517,48048,
T-6Y4,3,4,80,NA,20.5,77550,36704,
T-6Y4,3,4,80,NA,16.4,49277,23321,
T-6Y4,3,4,80,NA,24.3,109628,51887,
T-6Y4,3,4,80,NA,14.4,37849,17912,
T-6Y4,3,4,80,NA,15.8,45687,21622,
T-7Y4,1,4,80,2.1,NA,231,109,
T-7Y4,1,4,80,1.4,NA,103,48,
T-7Y4,1,4,80,1.5,NA,118,55,
T-7Y4,1,4,80,NA,18.9,65738,31113,
T-7Y4,1,4,80,0.8,NA,35,16,
T-7Y4,1,4,80,2.1,NA,231,109,
T-7Y4,2,4,80,1.0,NA,53,25,
T-7Y4,2,4,80,NA,13.3,32220,15248,
T-7Y4,3,4,80,2.3,NA,278,131,
T-7Y4,3,4,80,2.9,NA,449,212,
T-7Y4,3,4,80,NA,13.6,33709,15953,
T-8Y4,1,4,80,13.0,NA,12020,5694,
T-8Y4,2,4,80,2.9,NA,449,212,
T-8Y4,2,4,80,NA,15.9,46276,21901,
T-8Y4,3,4,80,NA,25.4,119977,56786,
T-8Y4,3,4,80,NA,18.1,60206,28495,
T-9Y4,1,4,80,NA,11.1,22346,10575,
T-9Y4,2,4,80,NA,0.0,0,0,
T-9Y4,3,4,80,NA,14.7,39465,18677,
T-10Y4,1,4,80,NA,0.0,0,0,
T-10Y4,2,4,80,NA,9.3,15633,7397,
T-10Y4,2,4,80,NA,6.2,6916,3272,
T-10Y4,2,4,80,NA,10.6,20359,9634,
T-10Y4,2,4,80,NA,6.8,8325,3938,
T-10Y4,2,4,80,NA,12.7,29344,13887,
T-10Y4,2,4,80,NA,12.3,27503,13015,
T-10Y4,2,4,80,NA,4.7,3974,1879,
T-10Y4,2,4,80,NA,16.8,51748,24491,
T-10Y4,2,4,80,NA,13.1,31246,14787,
T-10Y4,2,4,80,NA,13.2,31731,15016,
T-10Y4,2,4,80,NA,6.2,6916,3272,
T-10Y4,2,4,80,NA,4.3,3328,1574,
T-10Y4,3,4,80,NA,9.7,17019,8053,
T-10Y4,3,4,80,NA,5.4,5244,2480,
T-10Y4,3,4,80,NA,10.8,21143,10005,
T-10Y4,3,4,80,NA,8.4,12733,6025,
T-10Y4,3,4,80,NA,17.3,54924,25994,
T-10Y4,3,4,80,NA,5.6,5640,2668,
T-11Y4,1,4,80,NA,0.0,0,0,
T-11Y4,2,4,80,NA,11.6,24429,11560,
T-11Y4,2,4,80,12.1,NA,10208,4836,
T-11Y4,2,4,80,NA,19.7,71519,33849,
T-11Y4,3,4,80,NA,7.1,9079,4295,
T-12Y4,1,4,80,NA,0.0,0,0,
T-12Y4,2,4,80,2.8,NA,415,196,
T-12Y4,2,4,80,6.1,NA,2205,1044,
T-12Y4,2,4,80,2.8,NA,415,196,
T-12Y4,3,4,80,NA,0.0,0,0,
T-13Y4,1,4,80,NA,8.0,11542,5461,
T-13Y4,1,4,80,NA,8.2,12130,5739,
T-13Y4,1,4,80,NA,13.3,32220,15248,
T-13Y4,1,4,80,NA,13.9,35233,16674,
T-13Y4,1,4,80,NA,13.7,34213,16191,
T-13Y4,1,4,80,NA,10.7,20749,9818,
T-13Y4,1,4,80,1.0,NA,50,23,
T-13Y4,2,4,80,NA,5.5,5440,2573,
T-13Y4,2,4,80,NA,11.6,24429,11560,
T-13Y4,2,4,80,NA,5.4,5244,2480,
T-13Y4,2,4,80,NA,8.4,12733,6025,
T-13Y4,2,4,80,NA,11.6,24429,11560,
T-13Y4,2,4,80,NA,5.1,4678,2212,
T-13Y4,3,4,80,NA,10.2,18837,8913,
T-13Y4,3,4,80,NA,19.6,70783,33501,
T-13Y4,3,4,80,NA,4.5,3644,1723,
T-13Y4,3,4,80,NA,14.4,37849,17912,
T-14Y4,1,4,80,2.3,NA,275,130,
T-14Y4,1,4,80,1.5,NA,121,57,
T-14Y4,1,4,80,4.3,NA,1043,494,
T-14Y4,1,4,80,1.5,NA,121,57,
T-14Y4,1,4,80,3.8,NA,798,378,
T-14Y4,2,4,80,1.8,NA,165,78,
T-14Y4,2,4,80,1.8,NA,165,78,
T-14Y4,3,4,80,0.6,NA,23,11,
T-15Y4,1,4,80,NA,16.5,49889,23611,
T-15Y4,2,4,80,NA,11.0,21941,10383,
T-15Y4,2,4,80,2.1,NA,221,104,
T-15Y4,2,4,80,1.9,NA,189,89,
T-15Y4,3,4,80,NA,0.0,0,0,
T-16Y4,1,4,80,NA,26.6,131814,62388,
T-16Y4,1,4,80,1.5,NA,121,57,
T-16Y4,1,4,80,NA,11.7,24857,11763,
T-16Y4,1,4,80,NA,23.5,102403,48467,
T-16Y4,2,4,80,NA,14.9,40562,19196,
T-16Y4,2,4,80,NA,24.2,108711,51453,
T-16Y4,2,4,80,NA,3.9,2740,1296,
T-16Y4,2,4,80,NA,5.4,5244,2480,
T-16Y4,2,4,80,NA,4.9,4319,2042,
T-16Y4,2,4,80,NA,20.5,77550,36704,
T-16Y4,3,4,80,NA,0.8,137,65,
T-16Y4,3,4,80,2.9,NA,456,215,
T-17Y4,1,4,80,NA,0.0,0,0,
T-17Y4,2,4,80,NA,0.0,0,0,
T-17Y4,3,4,80,NA,0.0,0,0,
T-18Y4,1,4,80,NA,0.0,0,0,
T-18Y4,2,4,80,3.0,NA,482,228,
T-18Y4,2,4,80,1.3,NA,89,42,
T-18Y4,2,4,80,2.4,NA,303,143,
T-18Y4,3,4,80,NA,0.0,0,0,
AKB,1,4,80,NA,9.8,17375,8222,
AKB,1,4,80,NA,5.4,5244,2480,
AKB,1,4,80,NA,8.6,13352,6317,
AKB,1,4,80,NA,8.9,14307,6769,
AKB,1,4,80,NA,7.8,10968,5189,
AKB,2,4,80,NA,6.1,6694,3167,
AKB,2,4,80,NA,3.1,1738,821,
AKB,2,4,80,NA,14.6,38923,18421,
AKB,2,4,80,NA,11.9,25724,12173,
AKB,2,4,80,NA,3.7,2468,1167,
AKB,2,4,80,NA,13.7,34213,16191,
AKB,2,4,80,NA,6.1,6694,3167,
AKB,2,4,80,NA,3.6,2337,1105,
AKB,3,4,80,NA,7.5,10136,4796,
AKB,3,4,80,NA,17.5,56221,26608,
AKB,3,4,80,NA,7.1,9079,4295,
AKB,3,4,80,NA,6.2,6916,3272,
AKB,3,4,80,NA,9.2,15296,7237,
AKB,3,4,80,NA,15.4,43371,20526,
AKB,3,4,80,NA,3.6,2337,1105,
AKB,3,4,80,NA,3.0,1629,770,
AKB,3,4,80,NA,4.9,4319,2042,
AKB,3,4,80,NA,14.1,36268,17164,
AKB,3,4,80,NA,6.5,7604,3597,
AKB,3,4,80,NA,2.9,1523,720,
AKB,3,4,80,NA,6.7,8081,3823,
AKB,3,4,80,NA,1.3,317,150,
AKB,3,4,80,NA,9.5,16319,7722,
DYB,1,2,40,0.4,NA,10,5,
DYB,1,2,40,0.5,NA,15,7,
DYB,1,2,40,0.5,NA,15,7,
DYB,1,2,40,1.0,NA,53,25,
DYB,1,2,40,1.2,NA,76,36,
DYB,1,2,40,NA,0.6,73,34,
DYB,1,2,40,NA,0.6,73,34,
DYB,1,2,40,NA,0.6,73,34,
DYB,1,2,40,NA,13.6,33709,15953,
DYB,2,2,40,NA,8.6,13352,6317,
DYB,2,2,40,NA,9.7,17019,8053,
DYB,2,2,40,NA,8.9,14307,6769,
DYB,3,2,40,0.7,NA,27,13,
DYB,3,2,40,2.5,NA,330,156,
DYB,3,2,40,NA,7.6,10410,4925,
DYB,3,2,40,NA,9.5,16319,7722,
DYB,3,2,40,NA,6.9,8572,4055,
DYB,3,2,40,NA,18.5,62941,29789,
EXB,NA,NA,NA,NA,NA,NA,NA,
HBR,1,2,40,1.2,NA,71,33,
HBR,1,2,40,1.3,NA,82,39,
HBR,1,2,40,1.4,NA,103,48,
HBR,1,2,40,1.5,NA,118,55,
HBR,1,2,40,NA,4.7,3974,1879,
HBR,1,2,40,NA,4.8,4179,1976,
HBR,1,2,40,NA,2.7,1352,639,
HBR,1,2,40,NA,6.3,7142,3378,
HBR,1,2,40,NA,1.5,419,198,
HBR,1,2,40,NA,5.8,6051,2862,
HBR,1,2,40,NA,2.6,1228,580,
HBR,1,2,40,NA,5.7,5844,2764,
HBR,1,2,40,NA,4.6,3741,1769,
HBR,1,2,40,NA,3.7,2415,1142,
HBR,1,2,40,NA,5.1,4696,2221,
HBR,1,2,40,NA,5.8,5988,2832,
HBR,1,2,40,NA,2.1,785,371,
HBR,1,2,40,NA,3.9,2796,1322,
HBR,1,2,40,NA,5.2,4844,2291,
HBR,1,2,40,NA,2.0,726,343,
HBR,1,2,40,NA,3.4,2050,969,
HBR,1,2,40,NA,2.5,1092,516,
HBR,1,2,40,NA,1.0,174,82,
HBR,1,2,40,NA,1.6,480,227,
HBR,1,2,40,NA,3.7,2521,1192,
HBR,1,2,40,NA,3.7,2415,1142,
HBR,1,2,40,NA,6.1,6694,3167,
HBR,1,2,40,NA,2.0,762,360,
HBR,1,2,40,NA,6.1,6694,3167,
HBR,1,2,40,NA,0.5,48,23,
HBR,1,2,40,NA,5.2,4863,2300,
HBR,1,2,40,NA,0.7,92,43,
HBR,1,2,40,NA,5.2,4863,2300,
HBR,1,2,40,NA,1.8,616,291,
HBR,1,2,40,NA,2.5,1119,529,
HBR,1,2,40,NA,4.7,3974,1879,
HBR,1,2,40,NA,5.5,5401,2555,
HBR,1,2,40,NA,2.7,1352,639,
HBR,1,2,40,NA,2.8,1421,672,
HBR,1,2,40,NA,6.8,8300,3927,
HBR,1,2,40,NA,3.4,2062,975,
HBR,1,2,40,NA,0.7,97,46,
HBR,1,2,40,NA,3.1,1738,821,
HBR,1,2,40,NA,4.0,2910,1376,
HBR,1,2,40,NA,7.9,11253,5324,
HBR,1,2,40,NA,6.1,6694,3167,
HBR,1,2,40,NA,4.4,3468,1640,
HBR,1,2,40,NA,0.9,153,72,
HBR,1,2,40,NA,1.6,463,219,
HBR,1,2,40,NA,2.7,1332,630,
HBR,1,2,40,NA,2.2,845,399,
HBR,1,2,40,NA,1.7,516,244,
HBR,1,2,40,NA,4.0,2810,1329,
HBR,1,2,40,NA,6.1,6585,3115,
HBR,1,2,40,NA,8.8,13985,6617,
HBR,2,2,40,0.9,NA,39,18,
HBR,2,2,40,1.3,NA,82,39,
HBR,2,2,40,NA,2.6,1228,580,
HBR,2,2,40,NA,7.1,9079,4295,
HBR,2,2,40,NA,5.7,5905,2793,
HBR,2,2,40,NA,1.5,413,195,
HBR,2,2,40,NA,5.9,6283,2972,
HBR,2,2,40,NA,3.0,1629,770,
HBR,2,2,40,NA,3.1,1694,801,
HBR,2,2,40,NA,7.8,10968,5189,
HBR,2,2,40,NA,1.0,177,84,
HBR,2,2,40,NA,6.1,6738,3187,
HBR,2,2,40,NA,1.4,351,166,
HBR,2,2,40,NA,6.3,7074,3346,
HBR,2,2,40,NA,3.3,1979,935,
HBR,2,2,40,NA,4.0,2925,1383,
HBR,2,2,40,NA,2.1,814,385,
HBR,2,2,40,NA,3.7,2428,1148,
HBR,2,2,40,NA,2.6,1219,576,
HBR,2,2,40,NA,4.3,3282,1552,
HBR,2,2,40,NA,6.0,6476,3063,
HBR,2,2,40,NA,6.6,7864,3720,
HBR,2,2,40,NA,3.5,2248,1063,
HBR,2,2,40,NA,3.9,2671,1263,
HBR,2,2,40,NA,6.0,6433,3043,
HBR,2,2,40,NA,1.3,317,150,
HBR,2,2,40,NA,1.1,246,116,
HBR,2,2,40,NA,0.8,116,55,
HBR,2,2,40,NA,3.3,1967,930,
HBR,2,2,40,NA,1.7,534,252,
HBR,2,2,40,NA,4.5,3676,1738,
HBR,2,2,40,NA,4.5,3644,1723,
HBR,2,2,40,NA,2.8,1371,648,
HBR,2,2,40,NA,2.0,712,336,
HBR,2,2,40,NA,4.5,3563,1685,
HBR,2,2,40,NA,2.3,924,436,
HBR,2,2,40,NA,0.9,163,77,
HBR,2,2,40,NA,0.6,62,29,
HBR,2,2,40,NA,3.4,2111,998,
HBR,2,2,40,NA,2.8,1441,681,
HBR,2,2,40,NA,4.9,4372,2067,
HBR,2,2,40,NA,6.4,7464,3531,
HBR,2,2,40,NA,1.9,630,297,
HBR,2,2,40,NA,1.9,663,313,
HBR,2,2,40,NA,2.0,762,360,
HBR,2,2,40,NA,8.7,13666,6466,
HBR,2,2,40,NA,3.3,1908,902,
HBR,2,2,40,NA,4.7,3923,1855,
HBR,2,2,40,NA,2.8,1421,672,
HBR,2,2,40,NA,3.4,2111,998,
HBR,2,2,40,NA,2.7,1303,616,
HBR,2,2,40,NA,1.3,322,152,
HBR,2,2,40,NA,4.0,2839,1342,
HBR,2,2,40,NA,0.4,37,18,
HBR,2,2,40,NA,5.5,5401,2555,
HBR,2,2,40,NA,4.0,2839,1342,
HBR,2,2,40,NA,0.7,97,46,
HBR,2,2,40,NA,0.9,150,71,
HBR,2,2,40,NA,1.0,199,94,
HBR,2,2,40,NA,4.2,3101,1466,
HBR,2,2,40,NA,5.4,5148,2435,
HBR,2,2,40,NA,1.9,691,326,
HBR,2,2,40,NA,1.1,214,101,
HBR,2,2,40,NA,1.8,616,291,
HBR,2,2,40,NA,1.2,259,122,
HBR,2,2,40,NA,4.5,3644,1723,
HBR,2,2,40,NA,9.2,15296,7237,
HBR,2,2,40,NA,2.0,719,340,
HBR,2,2,40,NA,3.7,2402,1136,
HBR,2,2,40,NA,8.2,12130,5739,
HBR,3,2,40,1.0,NA,56,26,
HBR,3,2,40,NA,1.7,534,252,
HBR,3,2,40,NA,4.8,4059,1919,
HBR,3,2,40,NA,3.8,2630,1243,
HBR,3,2,40,NA,2.3,932,440,
HBR,3,2,40,NA,0.9,144,68,
HBR,3,2,40,NA,4.2,3116,1473,
HBR,3,2,40,NA,2.1,807,381,
HBR,3,2,40,NA,1.8,565,267,
HBR,3,2,40,NA,3.1,1760,832,
HBR,3,2,40,NA,1.5,397,187,
HBR,3,2,40,NA,3.5,2185,1033,
HBR,3,2,40,NA,0.9,153,72,
HBR,3,2,40,NA,6.4,7417,3509,
HBR,3,2,40,NA,1.6,492,232,
HBR,3,2,40,NA,2.1,807,381,
HBR,3,2,40,NA,6.3,7233,3421,
HBR,3,2,40,NA,3.7,2468,1167,
HBR,3,2,40,NA,1.8,565,267,
HBR,3,2,40,NA,2.0,698,330,
HBR,3,2,40,NA,3.0,1650,780,
HBR,3,2,40,NA,2.5,1119,529,
HBR,3,2,40,NA,1.3,308,145,
HBR,3,2,40,NA,0.5,56,26,
HBR,3,2,40,NA,2.1,807,381,
HBR,3,2,40,NA,1.3,317,150,
HBR,3,2,40,NA,2.9,1472,695,
HBR,3,2,40,NA,4.3,3374,1596,
HBR,3,2,40,NA,2.9,1472,695,
HBR,3,2,40,NA,1.9,643,304,
HBR,3,2,40,NA,1.9,684,323,
HBR,3,2,40,NA,1.1,238,112,
HBR,3,2,40,NA,0.7,97,46,
HBR,3,2,40,NA,1.4,366,173,
HBR,3,2,40,NA,3.3,1990,941,
HBR,3,2,40,NA,2.6,1209,571,
HBR,3,2,40,NA,1.8,623,294,
HBR,3,2,40,NA,5.7,5762,2725,
HBR,3,2,40,NA,3.8,2630,1243,
HBR,3,2,40,NA,1.5,441,208,
HBR,3,2,40,NA,5.1,4623,2186,
HBR,3,2,40,NA,5.0,4569,2161,
HBR,3,2,40,NA,2.4,1032,487,
HBR,3,2,40,NA,5.6,5721,2706,
HBR,3,2,40,NA,3.0,1575,745,
HBR,3,2,40,NA,6.2,6805,3219,
HBR,3,2,40,NA,1.5,397,187,
HBR,3,2,40,NA,0.9,170,80,
HBR,3,2,40,NA,1.2,276,130,
HBR,3,2,40,NA,0.5,56,26,
HBR,3,2,40,NA,1.6,480,227,
HBR,3,2,40,NA,6.9,8523,4032,
HBR,3,2,40,NA,6.7,8081,3823,
HBR,3,2,40,NA,1.6,475,224,
HBR,3,2,40,NA,2.6,1209,571,
HBR,3,2,40,NA,2.7,1275,602,
HBR,3,2,40,NA,2.5,1128,533,
HBR,3,2,40,NA,0.7,85,40,
HBR,3,2,40,NA,4.2,3176,1502,
HBR,3,2,40,NA,1.0,181,85,
HBR,3,2,40,NA,4.4,3500,1655,
HBR,3,2,40,NA,3.0,1650,780,
HBR,3,2,40,NA,3.3,1908,902,
HBR,3,2,40,NA,2.4,1057,500,
HBR,3,2,40,NA,4.3,3343,1581,
HBR,3,2,40,NA,3.6,2286,1081,
HBR,3,2,40,NA,4.1,2983,1410,
HBR,3,2,40,NA,1.1,210,99,
HBR,3,2,40,NA,3.0,1607,760,
HBR,3,2,40,NA,2.0,762,360,
HBR,3,2,40,NA,2.0,755,357,
HBR,3,2,40,NA,2.7,1362,643,
HBR,3,2,40,NA,0.6,82,39,
HBR,3,2,40,NA,1.5,419,198,
HBR,3,2,40,NA,6.0,6433,3043,
HBR,3,2,40,NA,4.7,3890,1840,
HBR,3,2,40,NA,2.0,719,340,
HBR,3,2,40,NA,1.7,534,252,
HBR,3,2,40,NA,2.8,1391,657,
HBR,3,2,40,NA,5.4,5264,2490,
HBR,3,2,40,NA,2.7,1352,639,
HBR,3,2,40,NA,2.5,1092,516,
HBR,3,2,40,NA,3.9,2671,1263,
HBR,3,2,40,NA,4.4,3437,1625,
HBR,3,2,40,NA,1.7,516,244,
HBR,3,2,40,NA,3.5,2148,1015,
HBR,3,2,40,NA,5.9,6283,2972,
HBR,3,2,40,NA,1.9,630,297,
HDR,1,2,40,0.8,NA,35,16,
HDR,1,2,40,1.0,NA,53,25,
HDR,1,2,40,1.0,NA,53,25,
HDR,1,2,40,1.0,NA,53,25,
HDR,1,2,40,1.0,NA,53,25,
HDR,1,2,40,1.0,NA,53,25,
HDR,1,2,40,1.0,NA,53,25,
HDR,1,2,40,1.1,NA,64,30,
HDR,1,2,40,1.2,NA,76,36,
HDR,1,2,40,1.2,NA,76,36,
HDR,1,2,40,1.5,NA,118,55,
HDR,1,2,40,1.5,NA,118,55,
HDR,1,2,40,1.8,NA,169,80,
HDR,1,2,40,1.8,NA,169,80,
HDR,1,2,40,1.8,NA,169,80,
HDR,1,2,40,1.8,NA,169,80,
HDR,1,2,40,2.4,NA,303,143,
HDR,1,2,40,NA,2.2,884,418,
HDR,1,2,40,NA,2.4,1049,496,
HDR,1,2,40,NA,1.3,317,150,
HDR,1,2,40,NA,1.4,366,173,
HDR,1,2,40,NA,1.3,317,150,
HDR,1,2,40,NA,0.7,97,46,
HDR,1,2,40,NA,0.9,157,74,
HDR,1,2,40,NA,0.8,125,59,
HDR,1,2,40,NA,4.6,3807,1800,
HDR,1,2,40,NA,1.1,230,108,
HDR,1,2,40,NA,0.9,157,74,
HDR,1,2,40,NA,1.5,419,198,
HDR,1,2,40,NA,1.7,534,252,
HDR,1,2,40,NA,0.5,52,24,
HDR,1,2,40,NA,4.3,3328,1574,
HDR,1,2,40,NA,2.9,1523,720,
HDR,1,2,40,NA,2.2,884,418,
HDR,1,2,40,NA,0.3,20,10,
HDR,1,2,40,NA,1.8,597,282,
HDR,1,2,40,NA,3.5,2210,1045,
HDR,1,2,40,NA,2.6,1228,580,
HDR,1,2,40,NA,5.8,6051,2862,
HDR,1,2,40,NA,5.0,4496,2127,
HDR,1,2,40,NA,5.0,4496,2127,
HDR,1,2,40,NA,3.9,2740,1296,
HDR,1,2,40,NA,1.0,192,90,
HDR,1,2,40,NA,2.3,965,456,
HDR,1,2,40,NA,1.6,475,224,
HDR,1,2,40,NA,1.3,317,150,
HDR,1,2,40,NA,0.3,20,10,
HDR,1,2,40,NA,0.9,157,74,
HDR,1,2,40,NA,1.5,419,198,
HDR,1,2,40,NA,1.3,317,150,
HDR,1,2,40,NA,1.5,419,198,
HDR,1,2,40,NA,2.3,965,456,
HDR,1,2,40,NA,1.5,419,198,
HDR,1,2,40,NA,1.8,597,282,
HDR,1,2,40,NA,1.6,475,224,
HDR,1,2,40,NA,2.5,1137,537,
HDR,1,2,40,NA,1.7,534,252,
HDR,1,2,40,NA,0.7,97,46,
HDR,1,2,40,NA,1.4,366,173,
HDR,1,2,40,NA,0.8,125,59,
HDR,1,2,40,NA,0.8,125,59,
HDR,1,2,40,NA,2.8,1421,672,
HDR,1,2,40,NA,6.6,7840,3709,
HDR,1,2,40,NA,1.2,272,128,
HDR,1,2,40,NA,0.5,52,24,
HDR,1,2,40,NA,2.8,1421,672,
HDR,1,2,40,NA,2.0,733,346,
HDR,1,2,40,NA,1.0,192,90,
HDR,1,2,40,NA,0.7,97,46,
HDR,1,2,40,NA,0.7,97,46,
HDR,1,2,40,NA,2.9,1523,720,
HDR,1,2,40,NA,4.6,3807,1800,
HDR,1,2,40,NA,1.0,192,90,
HDR,1,2,40,NA,4.3,3328,1574,
HDR,1,2,40,NA,4.1,3027,1431,
HDR,1,2,40,NA,5.2,4863,2300,
HDR,1,2,40,NA,0.6,73,34,
HDR,1,2,40,NA,1.3,317,150,
HDR,1,2,40,NA,4.5,3644,1723,
HDR,1,2,40,NA,0.4,34,16,
HDR,1,2,40,NA,1.0,192,90,
HDR,1,2,40,NA,3.5,2210,1045,
HDR,1,2,40,NA,1.2,272,128,
HDR,1,2,40,NA,1.3,317,150,
HDR,1,2,40,NA,3.7,2468,1167,
HDR,1,2,40,NA,1.3,317,150,
HDR,1,2,40,NA,1.8,597,282,
HDR,1,2,40,NA,1.3,317,150,
HDR,1,2,40,NA,3.9,2740,1296,
HDR,1,2,40,NA,0.9,157,74,
HDR,1,2,40,NA,0.9,157,74,
HDR,1,2,40,NA,1.0,192,90,
HDR,1,2,40,NA,1.3,317,150,
HDR,1,2,40,NA,1.7,534,252,
HDR,1,2,40,NA,4.5,3644,1723,
HDR,1,2,40,NA,0.8,125,59,
HDR,1,2,40,NA,1.9,663,313,
HDR,1,2,40,NA,2.5,1137,537,
HDR,1,2,40,NA,2.8,1421,672,
HDR,1,2,40,NA,2.9,1523,720,
HDR,1,2,40,NA,1.0,192,90,
HDR,1,2,40,NA,1.2,272,128,
HDR,1,2,40,NA,1.3,317,150,
HDR,1,2,40,NA,1.9,663,313,
HDR,1,2,40,NA,6.2,6916,3272,
HDR,1,2,40,NA,1.2,272,128,
HDR,1,2,40,NA,2.5,1137,537,
HDR,1,2,40,NA,1.7,534,252,
HDR,1,2,40,NA,4.1,3027,1431,
HDR,1,2,40,NA,1.0,192,90,
HDR,1,2,40,NA,1.0,192,90,
HDR,1,2,40,NA,2.5,1137,537,
HDR,1,2,40,NA,1.7,534,252,
HDR,1,2,40,NA,1.0,192,90,
HDR,1,2,40,NA,0.5,52,24,
HDR,1,2,40,NA,1.2,272,128,
HDR,1,2,40,NA,3.4,2087,986,
HDR,1,2,40,NA,5.0,4496,2127,
HDR,2,2,40,0.5,NA,15,7,
HDR,2,2,40,0.6,NA,21,10,
HDR,2,2,40,0.6,NA,21,10,
HDR,2,2,40,0.7,NA,27,13,
HDR,2,2,40,0.7,NA,27,13,
HDR,2,2,40,0.8,NA,35,16,
HDR,2,2,40,0.8,NA,35,16,
HDR,2,2,40,0.8,NA,35,16,
HDR,2,2,40,0.9,NA,44,21,
HDR,2,2,40,0.9,NA,44,21,
HDR,2,2,40,1.0,NA,53,25,
HDR,2,2,40,1.0,NA,53,25,
HDR,2,2,40,1.1,NA,64,30,
HDR,2,2,40,1.1,NA,64,30,
HDR,2,2,40,1.1,NA,64,30,
HDR,2,2,40,1.1,NA,64,30,
HDR,2,2,40,1.1,NA,64,30,
HDR,2,2,40,1.1,NA,64,30,
HDR,2,2,40,1.1,NA,64,30,
HDR,2,2,40,1.1,NA,64,30,
HDR,2,2,40,1.2,NA,76,36,
HDR,2,2,40,1.3,NA,89,42,
HDR,2,2,40,1.3,NA,89,42,
HDR,2,2,40,1.3,NA,89,42,
HDR,2,2,40,1.3,NA,89,42,
HDR,2,2,40,1.3,NA,89,42,
HDR,2,2,40,1.3,NA,89,42,
HDR,2,2,40,1.3,NA,89,42,
HDR,2,2,40,1.3,NA,89,42,
HDR,2,2,40,1.3,NA,89,42,
HDR,2,2,40,1.4,NA,103,48,
HDR,2,2,40,1.4,NA,103,48,
HDR,2,2,40,1.4,NA,103,48,
HDR,2,2,40,1.4,NA,103,48,
HDR,2,2,40,1.5,NA,118,55,
HDR,2,2,40,1.5,NA,118,55,
HDR,2,2,40,1.6,NA,134,63,
HDR,2,2,40,1.7,NA,151,71,
HDR,2,2,40,1.8,NA,169,80,
HDR,2,2,40,1.9,NA,188,89,
HDR,2,2,40,1.9,NA,188,89,
HDR,2,2,40,3.6,NA,708,335,
HDR,2,2,40,NA,1.9,663,313,
HDR,2,2,40,NA,5.2,4863,2300,
HDR,2,2,40,NA,0.6,73,34,
HDR,2,2,40,NA,8.1,11834,5599,
HDR,2,2,40,NA,2.7,1323,625,
HDR,2,2,40,NA,2.4,1049,496,
HDR,2,2,40,NA,2.0,733,346,
HDR,2,2,40,NA,4.8,4144,1960,
HDR,2,2,40,NA,2.2,884,418,
HDR,2,2,40,NA,3.0,1629,770,
HDR,2,2,40,NA,0.9,157,74,
HDR,2,2,40,NA,0.9,157,74,
HDR,2,2,40,NA,2.6,1228,580,
HDR,2,2,40,NA,1.5,419,198,
HDR,2,2,40,NA,1.0,192,90,
HDR,2,2,40,NA,2.3,965,456,
HDR,2,2,40,NA,2.4,1049,496,
HDR,2,2,40,NA,1.9,663,313,
HDR,2,2,40,NA,1.7,534,252,
HDR,2,2,40,NA,2.2,884,418,
HDR,2,2,40,NA,0.5,52,24,
HDR,2,2,40,NA,1.2,272,128,
HDR,2,2,40,NA,0.8,125,59,
HDR,2,2,40,NA,0.8,125,59,
HDR,2,2,40,NA,0.8,125,59,
HDR,2,2,40,NA,0.8,125,59,
HDR,2,2,40,NA,6.6,7840,3709,
HDR,2,2,40,NA,4.1,3027,1431,
HDR,2,2,40,NA,0.7,97,46,
HDR,2,2,40,NA,1.7,534,252,
HDR,2,2,40,NA,0.5,52,24,
HDR,2,2,40,NA,1.1,230,108,
HDR,2,2,40,NA,4.0,2882,1363,
HDR,2,2,40,NA,1.4,366,173,
HDR,2,2,40,NA,1.0,192,90,
HDR,2,2,40,NA,0.7,97,46,
HDR,2,2,40,NA,1.1,230,108,
HDR,2,2,40,NA,0.5,52,24,
HDR,2,2,40,NA,2.3,965,456,
HDR,2,2,40,NA,1.6,475,224,
HDR,2,2,40,NA,4.8,4144,1960,
HDR,2,2,40,NA,0.8,125,59,
HDR,2,2,40,NA,1.4,366,173,
HDR,2,2,40,NA,5.2,4863,2300,
HDR,2,2,40,NA,1.3,317,150,
HDR,2,2,40,NA,1.1,230,108,
HDR,2,2,40,NA,5.1,4678,2212,
HDR,2,2,40,NA,1.4,366,173,
HDR,2,2,40,NA,0.9,157,74,
HDR,2,2,40,NA,2.2,884,418,
HDR,2,2,40,NA,1.8,597,282,
HDR,2,2,40,NA,2.0,733,346,
HDR,2,2,40,NA,3.0,1629,770,
HDR,2,2,40,NA,2.2,884,418,
HDR,2,2,40,NA,1.7,534,252,
HDR,2,2,40,NA,3.3,1967,930,
HDR,2,2,40,NA,1.0,192,90,
HDR,2,2,40,NA,1.4,366,173,
HDR,2,2,40,NA,3.7,2468,1167,
HDR,2,2,40,NA,2.0,733,346,
HDR,2,2,40,NA,1.7,534,252,
HDR,2,2,40,NA,0.5,52,24,
HDR,2,2,40,NA,3.9,2740,1296,
HDR,2,2,40,NA,1.2,272,128,
HDR,2,2,40,NA,1.7,534,252,
HDR,2,2,40,NA,1.6,475,224,
HDR,2,2,40,NA,0.4,34,16,
HDR,2,2,40,NA,0.6,73,34,
HDR,2,2,40,NA,1.1,230,108,
HDR,2,2,40,NA,1.3,317,150,
HDR,2,2,40,NA,0.7,97,46,
HDR,2,2,40,NA,0.4,34,16,
HDR,2,2,40,NA,3.7,2468,1167,
HDR,2,2,40,NA,3.5,2210,1045,
HDR,2,2,40,NA,2.2,884,418,
HDR,2,2,40,NA,0.7,97,46,
HDR,2,2,40,NA,1.4,366,173,
HDR,2,2,40,NA,3.1,1738,821,
HDR,2,2,40,NA,4.1,3027,1431,
HDR,2,2,40,NA,1.6,475,224,
HDR,2,2,40,NA,4.5,3644,1723,
HDR,2,2,40,NA,1.0,192,90,
HDR,2,2,40,NA,1.9,663,313,
HDR,2,2,40,NA,2.0,733,346,
HDR,2,2,40,NA,1.5,419,198,
HDR,2,2,40,NA,1.3,317,150,
HDR,2,2,40,NA,1.5,419,198,
HDR,2,2,40,NA,0.5,52,24,
HDR,2,2,40,NA,3.5,2210,1045,
HDR,2,2,40,NA,4.4,3484,1647,
HDR,2,2,40,NA,1.0,192,90,
HDR,2,2,40,NA,0.8,125,59,
HDR,2,2,40,NA,0.5,52,24,
HDR,2,2,40,NA,4.8,4144,1960,
HDR,2,2,40,NA,2.8,1421,672,
HDR,2,2,40,NA,2.5,1137,537,
HDR,2,2,40,NA,5.9,6262,2962,
HDR,2,2,40,NA,1.4,366,173,
HDR,2,2,40,NA,1.2,272,128,
HDR,2,2,40,NA,3.3,1967,930,
HDR,2,2,40,NA,2.1,807,381,
HDR,2,2,40,NA,1.7,534,252,
HDR,2,2,40,NA,2.1,807,381,
HDR,2,2,40,NA,1.9,663,313,
HDR,2,2,40,NA,1.1,230,108,
HDR,2,2,40,NA,1.1,230,108,
HDR,2,2,40,NA,1.9,663,313,
HDR,2,2,40,NA,3.1,1738,821,
HDR,2,2,40,NA,1.8,597,282,
HDR,2,2,40,NA,2.7,1323,625,
HDR,2,2,40,NA,1.5,419,198,
HDR,2,2,40,NA,3.0,1629,770,
HDR,2,2,40,NA,2.6,1228,580,
HDR,2,2,40,NA,2.2,884,418,
HDR,2,2,40,NA,1.2,272,128,
HDR,2,2,40,NA,1.1,230,108,
HDR,2,2,40,NA,0.7,97,46,
HDR,2,2,40,NA,2.9,1523,720,
HDR,2,2,40,NA,2.8,1421,672,
HDR,2,2,40,NA,1.0,192,90,
HDR,2,2,40,NA,0.8,125,59,
HDR,2,2,40,NA,4.1,3027,1431,
HDR,2,2,40,NA,4.2,3176,1502,
HDR,2,2,40,NA,1.7,534,252,
HDR,2,2,40,NA,1.8,597,282,
HDR,2,2,40,NA,2.8,1421,672,
HDR,3,2,40,0.9,NA,44,21,
HDR,3,2,40,1.0,NA,53,25,
HDR,3,2,40,1.1,NA,64,30,
HDR,3,2,40,1.2,NA,76,36,
HDR,3,2,40,NA,4.9,4319,2042,
HDR,3,2,40,NA,10.0,18099,8564,
HDR,3,2,40,NA,0.6,73,34,
HDR,3,2,40,NA,1.7,534,252,
HDR,3,2,40,NA,5.6,5640,2668,
HDR,3,2,40,NA,5.5,5440,2573,
HDR,3,2,40,NA,6.6,7840,3709,
HDR,3,2,40,NA,2.3,965,456,
HDR,3,2,40,NA,2.3,965,456,
HDR,3,2,40,NA,10.9,21540,10193,
HDR,3,2,40,NA,3.7,2468,1167,
HDR,3,2,40,NA,2.8,1421,672,
HDR,3,2,40,NA,1.2,272,128,
HDR,3,2,40,NA,1.5,419,198,
HDR,3,2,40,NA,6.1,6694,3167,
HDR,3,2,40,NA,0.5,52,24,
HDR,3,2,40,NA,5.8,6051,2862,
HDR,3,2,40,NA,4.3,3328,1574,
HDR,3,2,40,NA,3.5,2210,1045,
HDR,3,2,40,NA,1.0,192,90,
HDR,3,2,40,NA,0.8,125,59,
HDR,3,2,40,NA,1.0,192,90,
HDR,3,2,40,NA,0.7,97,46,
HDR,3,2,40,NA,1.8,597,282,
HDR,3,2,40,NA,1.0,192,90,
HDR,3,2,40,NA,1.2,272,128,
HDR,3,2,40,NA,3.0,1629,770,
HDR,3,2,40,NA,2.7,1323,625,
HDR,3,2,40,NA,4.0,2882,1363,
HDR,3,2,40,NA,0.8,125,59,
HDR,3,2,40,NA,0.8,125,59,
HDR,3,2,40,NA,0.7,97,46,
HDR,3,2,40,NA,0.6,73,34,
HDR,3,2,40,NA,3.6,2337,1105,
HDR,3,2,40,NA,4.9,4319,2042,
HDR,3,2,40,NA,1.9,663,313,
HDR,3,2,40,NA,0.9,157,74,
HDR,3,2,40,NA,2.0,733,346,
HDR,3,2,40,NA,4.2,3176,1502,
HDR,3,2,40,NA,4.6,3807,1800,
HDR,3,2,40,NA,1.2,272,128,
HDR,3,2,40,NA,1.0,192,90,
LBR,1,4,80,1.6,NA,135,64,
LBR,1,4,80,2.0,NA,211,100,
LBR,1,4,80,NA,1.9,630,297,
LBR,1,4,80,NA,5.7,5844,2764,
LBR,1,4,80,NA,3.9,2754,1302,
LBR,1,4,80,NA,3.4,2087,986,
LBR,1,4,80,NA,11.2,22755,10768,
LBR,2,4,80,0.3,NA,6,3,
LBR,2,4,80,0.6,NA,18,8,
LBR,2,4,80,0.6,NA,20,9,
LBR,2,4,80,0.6,NA,21,10,
LBR,2,4,80,0.7,NA,28,13,
LBR,2,4,80,0.7,NA,29,14,
LBR,2,4,80,1.1,NA,64,30,
LBR,2,4,80,1.1,NA,69,32,
LBR,2,4,80,1.2,NA,80,37,
LBR,2,4,80,1.3,NA,86,41,
LBR,2,4,80,1.5,NA,122,58,
LBR,2,4,80,NA,0.6,66,31,
LBR,2,4,80,NA,1.6,452,213,
LBR,2,4,80,NA,0.5,48,23,
LBR,2,4,80,NA,2.4,1057,500,
LBR,2,4,80,NA,2.1,770,364,
LBR,2,4,80,NA,4.0,2810,1329,
LBR,2,4,80,NA,4.9,4231,2001,
LBR,3,4,80,1.4,NA,107,50,
LBR,3,4,80,NA,8.1,11834,5599,
LBR,3,4,80,NA,8.9,14307,6769,
LDR,1,4,80,NA,0.0,0,0,
LDR,2,4,80,NA,1.6,475,224,
LDR,2,4,80,NA,2.1,807,381,
LDR,3,4,80,0.9,NA,44,21,
LDR,3,4,80,0.9,NA,44,21,
LDR,3,4,80,1.0,NA,53,25,
LDR,3,4,80,1.1,NA,64,30,
LDR,3,4,80,1.2,NA,76,36,
LDR,3,4,80,1.3,NA,89,42,
LDR,3,4,80,1.6,NA,134,63,
LDR,3,4,80,1.8,NA,169,80,
LDR,3,4,80,NA,32.0,192178,90959,
OMB,1,4,80,1.0,NA,55,26,
OMB,1,4,80,1.3,NA,85,40,
OMB,1,4,80,2.3,NA,275,130,
OMB,1,4,80,1.8,NA,165,78,
OMB,1,4,80,4.3,NA,1043,494,
OMB,1,4,80,3.8,NA,798,378,
OMB,1,4,80,NA,5.2,4863,2300,
OMB,2,4,80,NA,5.0,4496,2127,
OMB,3,4,80,NA,4.0,2882,1363,
OMB,3,4,80,NA,3.9,2740,1296,
OMB,3,4,80,7.1,NA,3097,1467,
OMB,3,4,80,NA,2.1,807,381,
OMB,3,4,80,NA,2.2,884,418,
OMB,3,4,80,7.4,NA,3347,1585,
OMB,3,4,80,1.5,NA,121,57,
OMB,3,4,80,1.0,NA,55,26,
OMB,3,4,80,3.3,NA,589,279,
PFB,NA,NA,NA,NA,0.0,0,0,
PPB,1,1,20,0.6,NA,21,10,
PPB,1,1,20,0.6,NA,21,10,
PPB,1,1,20,0.7,NA,27,13,
PPB,1,1,20,0.8,NA,35,16,
PPB,1,1,20,0.8,NA,35,16,
PPB,1,1,20,0.8,NA,35,16,
PPB,1,1,20,0.8,NA,35,16,
PPB,1,1,20,0.8,NA,35,16,
PPB,1,1,20,0.9,NA,44,21,
PPB,1,1,20,0.9,NA,44,21,
PPB,1,1,20,0.9,NA,44,21,
PPB,1,1,20,1.0,NA,53,25,
PPB,1,1,20,1.0,NA,53,25,
PPB,1,1,20,1.2,NA,76,36,
PPB,1,1,20,1.2,NA,76,36,
PPB,1,1,20,1.2,NA,76,36,
PPB,1,1,20,1.2,NA,76,36,
PPB,1,1,20,1.4,NA,103,48,
PPB,1,1,20,1.4,NA,103,48,
PPB,1,1,20,1.5,NA,118,55,
PPB,1,1,20,1.7,NA,151,71,
PPB,1,1,20,NA,0.9,157,74,
PPB,1,1,20,NA,3.4,2087,986,
PPB,1,1,20,NA,2.3,965,456,
PPB,1,1,20,NA,1.1,230,108,
PPB,1,1,20,NA,1.0,192,90,
PPB,1,1,20,NA,2.9,1523,720,
PPB,1,1,20,NA,1.6,475,224,
PPB,1,1,20,NA,0.3,20,10,
PPB,1,1,20,NA,2.4,1049,496,
PPB,1,1,20,NA,2.3,965,456,
PPB,1,1,20,NA,3.0,1629,770,
PPB,1,1,20,NA,3.7,2468,1167,
PPB,1,1,20,NA,4.1,3027,1431,
PPB,1,1,20,NA,0.8,125,59,
PPB,1,1,20,NA,1.8,597,282,
PPB,1,1,20,NA,0.7,97,46,
PPB,1,1,20,NA,4.8,4144,1960,
PPB,1,1,20,NA,3.0,1629,770,
PPB,1,1,20,NA,4.4,3484,1647,
PPB,1,1,20,NA,0.8,125,59,
PPB,1,1,20,NA,0.8,125,59,
PPB,1,1,20,NA,2.0,733,346,
PPB,1,1,20,NA,5.1,4678,2212,
PPB,1,1,20,NA,1.3,317,150,
PPB,1,1,20,NA,0.7,97,46,
PPB,1,1,20,NA,5.4,5244,2480,
PPB,1,1,20,NA,0.6,73,34,
PPB,1,1,20,NA,0.5,52,24,
PPB,1,1,20,NA,1.8,597,282,
PPB,1,1,20,NA,2.6,1228,580,
PPB,1,1,20,NA,1.1,230,108,
PPB,1,1,20,NA,1.9,663,313,
PPB,1,1,20,NA,1.2,272,128,
PPB,1,1,20,NA,0.5,52,24,
PPB,1,1,20,NA,1.7,534,252,
PPB,1,1,20,NA,0.8,125,59,
PPB,1,1,20,NA,1.9,663,313,
PPB,1,1,20,NA,0.5,52,24,
PPB,1,1,20,NA,4.3,3328,1574,
PPB,1,1,20,NA,0.7,97,46,
PPB,1,1,20,NA,0.8,125,59,
PPB,1,1,20,NA,0.7,97,46,
PPB,1,1,20,NA,4.1,3027,1431,
PPB,1,1,20,NA,1.6,475,224,
PPB,1,1,20,NA,0.8,125,59,
PPB,1,1,20,NA,0.5,52,24,
PPB,1,1,20,NA,2.9,1523,720,
PPB,1,1,20,NA,0.6,73,34,
PPB,1,1,20,NA,3.5,2210,1045,
PPB,1,1,20,NA,1.5,419,198,
PPB,1,1,20,NA,0.7,97,46,
PPB,1,1,20,NA,0.6,73,34,
PPB,1,1,20,NA,1.6,475,224,
PPB,1,1,20,NA,0.7,97,46,
PPB,1,1,20,NA,1.5,419,198,
PPB,1,1,20,NA,4.4,3484,1647,
PPB,1,1,20,NA,0.7,97,46,
PPB,1,1,20,NA,1.5,419,198,
PPB,1,1,20,NA,5.1,4678,2212,
PPB,1,1,20,NA,3.6,2337,1105,
PPB,1,1,20,NA,1.9,663,313,
PPB,1,1,20,NA,4.0,2882,1363,
PPB,1,1,20,NA,0.4,34,16,
PPB,1,1,20,NA,3.5,2210,1045,
PPB,1,1,20,NA,7.4,9866,4668,
PPB,1,1,20,NA,0.8,125,59,
PPB,1,1,20,NA,2.8,1421,672,
PPB,1,1,20,NA,0.4,34,16,
PPB,1,1,20,NA,5.4,5244,2480,
PPB,1,1,20,NA,4.9,4319,2042,
PPB,1,1,20,NA,0.7,97,46,
PPB,1,1,20,NA,2.1,807,381,
PPB,1,1,20,NA,2.1,807,381,
PPB,1,1,20,NA,3.0,1629,770,
PPB,1,1,20,NA,0.7,97,46,
PPB,1,1,20,NA,0.9,157,74,
PPB,1,1,20,NA,0.6,73,34,
PPB,1,1,20,NA,4.4,3484,1647,
PPB,1,1,20,NA,1.0,192,90,
PPB,1,1,20,NA,3.0,1629,770,
PPB,1,1,20,NA,5.0,4496,2127,
PPB,1,1,20,NA,1.4,366,173,
PPB,2,1,20,0.3,NA,6,3,
PPB,2,1,20,0.6,NA,21,10,
PPB,2,1,20,0.6,NA,21,10,
PPB,2,1,20,0.8,NA,35,16,
PPB,2,1,20,0.9,NA,44,21,
PPB,2,1,20,0.9,NA,44,21,
PPB,2,1,20,1.0,NA,53,25,
PPB,2,1,20,NA,4.8,4144,1960,
PPB,2,1,20,NA,1.8,597,282,
PPB,2,1,20,NA,4.3,3328,1574,
PPB,2,1,20,NA,1.2,272,128,
PPB,2,1,20,NA,1.0,192,90,
PPB,2,1,20,NA,2.6,1228,580,
PPB,2,1,20,NA,4.1,3027,1431,
PPB,2,1,20,NA,3.2,1850,875,
PPB,2,1,20,NA,4.6,3807,1800,
PPB,2,1,20,NA,4.7,3974,1879,
PPB,2,1,20,NA,1.7,534,252,
PPB,2,1,20,NA,6.2,6916,3272,
PPB,2,1,20,NA,0.6,73,34,
PPB,2,1,20,NA,6.6,7840,3709,
PPB,2,1,20,NA,1.3,317,150,
PPB,2,1,20,NA,3.1,1738,821,
PPB,2,1,20,NA,3.3,1967,930,
PPB,2,1,20,NA,2.3,965,456,
PPB,2,1,20,NA,2.8,1421,672,
PPB,2,1,20,NA,3.3,1967,930,
PPB,2,1,20,NA,0.9,157,74,
PPB,2,1,20,NA,5.0,4496,2127,
PPB,2,1,20,NA,2.1,807,381,
PPB,2,1,20,NA,3.8,2602,1230,
PPB,2,1,20,NA,0.9,157,74,
PPB,2,1,20,NA,2.9,1523,720,
PPB,2,1,20,NA,1.1,230,108,
PPB,2,1,20,NA,4.5,3644,1723,
PPB,2,1,20,NA,0.9,157,74,
PPB,2,1,20,NA,2.1,807,381,
PPB,2,1,20,NA,0.9,157,74,
PPB,2,1,20,NA,1.0,192,90,
PPB,2,1,20,NA,1.5,419,198,
PPB,2,1,20,NA,0.6,73,34,
PPB,2,1,20,NA,6.6,7840,3709,
PPB,2,1,20,NA,1.8,597,282,
PPB,2,1,20,NA,0.3,20,10,
PPB,2,1,20,NA,5.8,6051,2862,
PPB,2,1,20,NA,0.4,34,16,
PPB,2,1,20,NA,2.5,1137,537,
PPB,2,1,20,NA,0.4,34,16,
PPB,2,1,20,NA,5.0,4496,2127,
PPB,2,1,20,NA,1.5,419,198,
PPB,2,1,20,NA,1.9,663,313,
PPB,2,1,20,NA,3.6,2337,1105,
PPB,2,1,20,NA,3.7,2468,1167,
PPB,2,1,20,NA,6.8,8325,3938,
PPB,2,1,20,NA,2.3,965,456,
PPB,2,1,20,NA,2.2,884,418,
PPB,2,1,20,NA,2.4,1049,496,
PPB,2,1,20,NA,3.6,2337,1105,
PPB,2,1,20,NA,4.9,4319,2042,
PPB,2,1,20,NA,1.4,366,173,
PPB,2,1,20,NA,4.2,3176,1502,
PPB,2,1,20,NA,2.6,1228,580,
PPB,2,1,20,NA,1.5,419,198,
PPB,2,1,20,NA,2.1,807,381,
PPB,2,1,20,NA,7.2,9338,4418,
PPB,2,1,20,NA,0.9,157,74,
PPB,2,1,20,NA,0.5,52,24,
PPB,2,1,20,NA,2.3,965,456,
PPB,2,1,20,NA,2.0,733,346,
PPB,2,1,20,NA,0.8,125,59,
PPB,2,1,20,NA,1.4,366,173,
PPB,3,1,20,0.6,NA,21,10,
PPB,3,1,20,0.6,NA,21,10,
PPB,3,1,20,0.6,NA,21,10,
PPB,3,1,20,0.7,NA,27,13,
PPB,3,1,20,0.7,NA,27,13,
PPB,3,1,20,0.8,NA,35,16,
PPB,3,1,20,0.9,NA,44,21,
PPB,3,1,20,1.0,NA,53,25,
PPB,3,1,20,1.0,NA,53,25,
PPB,3,1,20,1.1,NA,64,30,
PPB,3,1,20,1.1,NA,64,30,
PPB,3,1,20,1.3,NA,89,42,
PPB,3,1,20,1.4,NA,103,48,
PPB,3,1,20,1.7,NA,151,71,
PPB,3,1,20,NA,0.7,97,46,
PPB,3,1,20,NA,1.1,230,108,
PPB,3,1,20,NA,1.5,419,198,
PPB,3,1,20,NA,2.4,1049,496,
PPB,3,1,20,NA,1.5,419,198,
PPB,3,1,20,NA,3.0,1629,770,
PPB,3,1,20,NA,1.4,366,173,
PPB,3,1,20,NA,0.9,157,74,
PPB,3,1,20,NA,3.7,2468,1167,
PPB,3,1,20,NA,3.8,2602,1230,
PPB,3,1,20,NA,1.7,534,252,
PPB,3,1,20,NA,3.2,1850,875,
PPB,3,1,20,NA,2.9,1523,720,
PPB,3,1,20,NA,0.7,97,46,
PPB,3,1,20,NA,5.7,5844,2764,
PPB,3,1,20,NA,1.6,475,224,
PPB,3,1,20,NA,2.1,807,381,
PPB,3,1,20,NA,3.1,1738,821,
PPB,3,1,20,NA,1.8,597,282,
PPB,3,1,20,NA,0.8,125,59,
PPB,3,1,20,NA,1.1,230,108,
PPB,3,1,20,NA,0.6,73,34,
PPB,3,1,20,NA,2.9,1523,720,
PPB,3,1,20,NA,4.0,2882,1363,
PPB,3,1,20,NA,1.8,597,282,
PPB,3,1,20,NA,3.1,1738,821,
PPB,3,1,20,NA,0.6,73,34,
PPB,3,1,20,NA,0.3,20,10,
PPB,3,1,20,NA,2.0,733,346,
PPB,3,1,20,NA,1.6,475,224,
PPB,3,1,20,NA,3.1,1738,821,
PPB,3,1,20,NA,1.4,366,173,
PPB,3,1,20,NA,1.5,419,198,
PPB,3,1,20,NA,6.2,6916,3272,
PPB,3,1,20,NA,1.2,272,128,
PPB,3,1,20,NA,0.7,97,46,
PPB,3,1,20,NA,0.8,125,59,
PPB,3,1,20,NA,1.3,317,150,
PPB,3,1,20,NA,4.2,3176,1502,
PPB,3,1,20,NA,1.6,475,224,
PPB,3,1,20,NA,2.6,1228,580,
PPB,3,1,20,NA,2.0,733,346,
PPB,3,1,20,NA,6.0,6476,3063,
PPB,3,1,20,NA,1.0,192,90,
PPB,3,1,20,NA,2.2,884,418,
PPB,3,1,20,NA,1.9,663,313,
PPB,3,1,20,NA,2.1,807,381,
PPB,3,1,20,NA,2.9,1523,720,
PPB,3,1,20,NA,2.9,1523,720,
PPB,3,1,20,NA,0.4,34,16,
PPB,3,1,20,NA,0.7,97,46,
PPB,3,1,20,NA,3.4,2087,986,
PPB,3,1,20,NA,3.4,2087,986,
PPB,3,1,20,NA,0.7,97,46,
PPB,3,1,20,NA,3.4,2087,986,
PPB,3,1,20,NA,1.0,192,90,
PPB,3,1,20,NA,0.7,97,46,
PPB,3,1,20,NA,3.9,2740,1296,
PPB,3,1,20,NA,1.4,366,173,
PPB,3,1,20,NA,1.1,230,108,
PPB,3,1,20,NA,1.3,317,150,
PPB,3,1,20,NA,1.4,366,173,
PPB,3,1,20,NA,4.1,3027,1431,
PPB,3,1,20,NA,2.4,1049,496,
PPB,3,1,20,NA,0.6,73,34,
PPB,3,1,20,NA,1.1,230,108,
PPB,3,1,20,NA,1.7,534,252,
PPB,3,1,20,NA,1.5,419,198,
PPB,3,1,20,NA,4.2,3176,1502,
PPB,3,1,20,NA,1.1,230,108,
PPB,3,1,20,NA,3.3,1967,930,
PPB,3,1,20,NA,3.8,2602,1230,
PPB,3,1,20,NA,2.1,807,381,
PPB,3,1,20,NA,2.1,807,381,
PPB,3,1,20,NA,5.5,5440,2573,
PPB,3,1,20,NA,0.8,125,59,
PPB,3,1,20,NA,4.9,4319,2042,
PPB,3,1,20,NA,4.4,3484,1647,
PPB,3,1,20,NA,1.1,230,108,
PPB,3,1,20,NA,1.5,419,198,
PPB,3,1,20,NA,1.3,317,150,
PPB,3,1,20,NA,1.1,230,108,
PPB,3,1,20,NA,6.4,7371,3487,
PPYB,1,1,20,1.7,NA,134,73,
PPYB,1,1,20,0.9,NA,30,20,
PPYB,1,1,20,0.9,NA,30,20,
PPYB,1,1,20,1.5,NA,93,53,
PPYB,1,1,20,1.4,NA,84,48,
PPYB,1,1,20,1.5,NA,103,57,
PPYB,1,1,20,NA,4.6,3930,1838,
PPYB,1,1,20,NA,2.9,1553,734,
PPYB,1,1,20,NA,1.8,573,277,
PPYB,1,1,20,NA,2.5,1173,557,
PPYB,1,1,20,NA,1.3,291,144,
PPYB,1,1,20,NA,1.1,223,111,
PPYB,1,1,20,NA,5.2,4904,2290,
PPYB,1,1,20,NA,5.6,5657,2640,
PPYB,1,1,20,NA,1.9,680,327,
PPYB,1,1,20,NA,0.9,153,78,
PPYB,1,1,20,NA,2.2,846,404,
PPYB,1,1,20,NA,4.5,3665,1714,
PPYB,1,1,20,NA,1.7,513,248,
PPYB,1,1,20,NA,3.1,1692,798,
PPYB,1,1,20,NA,1.2,249,124,
PPYB,1,1,20,NA,3.8,2650,1243,
PPYB,1,1,20,NA,2.3,976,465,
PPYB,1,1,20,NA,2.4,1058,503,
PPYB,1,1,20,NA,5.0,4607,2152,
PPYB,1,1,20,NA,1.8,615,296,
PPYB,1,1,20,NA,5.2,4965,2318,
PPYB,1,1,20,NA,4.2,3161,1480,
PPYB,1,1,20,NA,2.2,846,404,
PPYB,1,1,20,NA,6.4,7399,3450,
PPYB,1,1,20,NA,5.3,5026,2346,
PPYB,1,1,20,NA,3.9,2695,1264,
PPYB,1,1,20,NA,3.4,2105,990,
PPYB,1,1,20,NA,1.5,386,189,
PPYB,1,1,20,NA,1.1,223,111,
PPYB,1,1,20,NA,0.9,142,72,
PPYB,1,1,20,NA,4.2,3210,1503,
PPYB,1,1,20,NA,1.4,337,165,
PPYB,1,1,20,NA,2.7,1325,628,
PPYB,1,1,20,NA,1.0,186,94,
PPYB,1,1,20,NA,4.3,3308,1549,
PPYB,1,1,20,NA,5.1,4725,2206,
PPYB,1,1,20,NA,2.6,1233,585,
PPYB,1,1,20,NA,4.0,2877,1348,
PPYB,1,1,20,NA,2.9,1486,703,
PPYB,1,1,20,NA,1.9,658,316,
PPYB,1,1,20,NA,7.5,10407,4853,
PPYB,1,1,20,NA,5.4,5337,2491,
PPYB,1,1,20,NA,2.6,1263,599,
PPYB,2,1,20,1.8,NA,140,75,
PPYB,2,1,20,1.0,NA,36,23,
PPYB,2,1,20,1.8,NA,140,75,
PPYB,2,1,20,1.3,NA,76,44,
PPYB,2,1,20,1.1,NA,50,31,
PPYB,2,1,20,1.3,NA,68,40,
PPYB,2,1,20,NA,1.9,658,316,
PPYB,2,1,20,NA,1.8,552,267,
PPYB,2,1,20,NA,6.3,7251,3381,
PPYB,2,1,20,NA,2.3,976,465,
PPYB,2,1,20,NA,4.5,3717,1738,
PPYB,2,1,20,NA,3.1,1764,832,
PPYB,2,1,20,NA,1.0,163,83,
PPYB,2,1,20,NA,6.7,8161,3805,
PPYB,2,1,20,NA,1.3,291,144,
PPYB,2,1,20,NA,3.1,1764,832,
PPYB,2,1,20,NA,3.6,2390,1123,
PPYB,2,1,20,NA,3.4,2105,990,
PPYB,2,1,20,NA,1.4,369,181,
PPYB,2,1,20,NA,3.2,1837,866,
PPYB,2,1,20,NA,2.4,1058,503,
PPYB,2,1,20,NA,4.0,2877,1348,
PPYB,2,1,20,NA,5.9,6326,2951,
PPYB,2,1,20,NA,3.3,1988,936,
PPYB,2,1,20,NA,4.8,4150,1939,
PPYB,2,1,20,NA,3.0,1657,782,
PPYB,2,1,20,NA,1.3,291,144,
PPYB,2,1,20,NA,2.5,1173,557,
PPYB,2,1,20,NA,9.2,15398,7186,
PPYB,2,1,20,NA,1.0,163,83,
PPYB,2,1,20,NA,2.9,1486,703,
PPYB,2,1,20,NA,3.0,1657,782,
PPYB,2,1,20,NA,4.3,3308,1549,
PPYB,2,1,20,NA,4.6,3930,1838,
PPYB,2,1,20,NA,1.1,223,111,
PPYB,2,1,20,NA,1.7,513,248,
PPYB,2,1,20,NA,3.9,2695,1264,
PPYB,2,1,20,NA,1.7,493,239,
PPYB,2,1,20,NA,0.7,96,50,
PPYB,2,1,20,NA,7.4,10057,4689,
PPYB,2,1,20,NA,4.9,4375,2044,
PPYB,2,1,20,NA,2.4,1003,478,
PPYB,2,1,20,NA,4.0,2923,1370,
PPYB,2,1,20,NA,1.8,615,296,
PPYB,2,1,20,NA,2.6,1203,571,
PPYB,2,1,20,NA,5.3,5212,2433,
PPYB,2,1,20,NA,5.4,5274,2462,
PPYB,2,1,20,NA,2.9,1486,703,
PPYB,2,1,20,NA,3.4,2065,972,
PPYB,2,1,20,NA,2.5,1173,557,
PPYB,2,1,20,NA,1.4,369,181,
PPYB,2,1,20,NA,4.0,2877,1348,
PPYB,2,1,20,NA,8.9,14551,6789,
PPYB,3,1,20,1.8,NA,140,75,
PPYB,3,1,20,1.3,NA,68,40,
PPYB,3,1,20,1.4,NA,80,46,
PPYB,3,1,20,1.1,NA,50,31,
PPYB,3,1,20,NA,1.0,163,83,
PPYB,3,1,20,NA,2.5,1173,557,
PPYB,3,1,20,NA,0.9,132,68,
PPYB,3,1,20,NA,5.6,5788,2701,
PPYB,3,1,20,NA,8.4,13026,6076,
PPYB,3,1,20,NA,5.4,5337,2491,
PPYB,3,1,20,NA,1.6,456,222,
PPYB,3,1,20,NA,2.5,1144,543,
PPYB,3,1,20,NA,5.1,4784,2234,
PPYB,3,1,20,NA,0.9,132,68,
PPYB,3,1,20,NA,4.9,4433,2071,
PPYB,3,1,20,NA,7.3,9799,4569,
PPYB,3,1,20,NA,1.3,291,144,
PPYB,3,1,20,NA,6.1,6745,3146,
PPYB,3,1,20,NA,2.0,726,348,
PPYB,3,1,20,NA,0.5,52,28,
PPYB,3,1,20,NA,1.4,369,181,
PPYB,3,1,20,NA,1.1,210,105,
PPYB,3,1,20,NA,1.9,680,327,
PPYB,3,1,20,NA,1.4,337,165,
PPYB,3,1,20,NA,3.5,2225,1046,
PPYB,3,1,20,NA,0.8,113,58,
PPYB,3,1,20,NA,1.2,263,130,
PPYB,3,1,20,NA,2.4,1030,490,
PPYB,3,1,20,NA,1.5,386,189,
PPYB,3,1,20,NA,2.9,1486,703,
PPYB,3,1,20,NA,0.7,88,46,
PPYB,3,1,20,NA,0.7,88,46,
PPYB,3,1,20,NA,0.9,132,68,
PPYB,3,1,20,NA,5.3,5026,2346,
PPYB,3,1,20,NA,5.2,4844,2262,
PPYB,3,1,20,NA,2.6,1263,599,
PPYB,3,1,20,NA,1.5,403,197,
PPYB,3,1,20,NA,3.7,2433,1142,
PPYB,3,1,20,NA,0.9,142,72,
PPYB,3,1,20,NA,3.7,2519,1182,
PPYB,3,1,20,NA,0.8,123,63,
PPYB,3,1,20,NA,2.0,726,348,
PPYB,3,1,20,NA,1.7,532,258,
PPYB,3,1,20,NA,3.7,2519,1182,
PPYB,3,1,20,NA,3.3,2026,954,
PPYB,3,1,20,NA,3.5,2225,1046,
PPYB,3,1,20,NA,7.3,9628,4489,
PPYB,3,1,20,NA,2.3,976,465,
PPYB,3,1,20,NA,0.9,132,68,
PPYB,3,1,20,NA,4.6,3770,1763,
SYB,1,2,40,0.4,NA,11,5,
SYB,1,2,40,0.6,NA,18,9,
SYB,1,2,40,0.6,NA,20,9,
SYB,1,2,40,0.6,NA,21,10,
SYB,1,2,40,0.7,NA,25,12,
SYB,1,2,40,0.7,NA,27,12,
SYB,1,2,40,0.7,NA,27,13,
SYB,1,2,40,0.7,NA,27,13,
SYB,1,2,40,0.9,NA,39,18,
SYB,1,2,40,0.9,NA,41,19,
SYB,1,2,40,0.9,NA,45,21,
SYB,1,2,40,0.9,NA,45,21,
SYB,1,2,40,0.9,NA,46,21,
SYB,1,2,40,1.0,NA,50,24,
SYB,1,2,40,1.1,NA,59,28,
SYB,1,2,40,1.1,NA,66,31,
SYB,1,2,40,1.1,NA,68,32,
SYB,1,2,40,1.2,NA,73,35,
SYB,1,2,40,1.3,NA,83,39,
SYB,1,2,40,1.3,NA,85,40,
SYB,1,2,40,1.3,NA,91,43,
SYB,1,2,40,1.4,NA,97,46,
SYB,1,2,40,1.4,NA,98,46,
SYB,1,2,40,1.4,NA,103,48,
SYB,1,2,40,1.5,NA,119,56,
SYB,1,2,40,1.6,NA,127,60,
SYB,1,2,40,1.6,NA,134,63,
SYB,1,2,40,1.7,NA,145,69,
SYB,1,2,40,1.8,NA,160,75,
SYB,1,2,40,2.0,NA,207,98,
SYB,1,2,40,NA,1.1,238,112,
SYB,1,2,40,NA,0.5,52,24,
SYB,1,2,40,NA,0.8,116,55,
SYB,1,2,40,NA,1.0,195,92,
SYB,1,2,40,NA,1.6,469,221,
SYB,1,2,40,NA,1.5,435,205,
SYB,1,2,40,NA,0.3,25,12,
SYB,1,2,40,NA,0.5,52,24,
SYB,1,2,40,NA,2.8,1371,648,
SYB,1,2,40,NA,2.6,1219,576,
SYB,2,2,40,0.9,NA,43,20,
SYB,2,2,40,1.1,NA,65,31,
SYB,2,2,40,1.4,NA,98,46,
SYB,2,2,40,1.6,NA,130,61,
SYB,2,2,40,NA,0.4,34,16,
SYB,3,2,40,0.8,NA,31,15,
SYB,3,2,40,0.8,NA,37,17,
SYB,3,2,40,1.1,NA,64,30,
SYB,3,2,40,1.4,NA,101,48,
SYB,3,2,40,1.8,NA,169,80,
SYB,3,2,40,NA,1.7,534,252,
SYB,3,2,40,NA,2.6,1256,593,
TB1,NA,NA,NA,NA,0.0,0,0,
TB2,NA,NA,NA,NA,0.0,0,0,
TB3,NA,4,80,NA,0.0,0,0,
TB4,NA,4,80,NA,0.0,0,0,
TBC,NA,NA,NA,NA,0.0,0,0,
TBC2,NA,4,80,NA,0.0,0,0,
TBC3,NA,4,80,NA,0.0,0,0,
TBC4,NA,4,80,NA,0.0,0,0,
